"","Path","Hash"
"1","docs/example-bib-mla.tex","2a57a72d7fce71b6923f8435e5a5d4de"
"2","docs/example-twocolumn.tex","59d29b2eea051d408bf6997d27a0337e"
"3","docs/example-markdown-pdf.md","372bac0c4bb56d39c82cfb42f9556b58"
"4","docs/example-markdown-tex.md","372bac0c4bb56d39c82cfb42f9556b58"
"5","docs/example-latex.tex","26137162c441c4c7c94904144d7f59e3"
"6","docs/example-markdown.md","372bac0c4bb56d39c82cfb42f9556b58"
"7","docs/example-bib-mla.bib","b5d5948f9525abfa801fc26788417912"
"8","styles.scss","7c04b04be83e97adbe3b0a49e6997642"
"9","docs/example-bib.tex","2f8d7b1e57a9d10b9042fb8f606feff9"
"10","docs/example-markdown-pandoc.md","93822f77a0b25747305eb3339de8897a"
"11","docs/example-markdown-pandoc-bib.md","16699d8dbf96a24f90a473b9780b2c66"
"12","docs/example-bib.bib","b5d5948f9525abfa801fc26788417912"
